avenger1,image36.jpg,image17.jpg,Iron Man,Robert John Downey Junior,acteur américain,né le 4 avril 1965
avenger2,image26.jpg,image25.jpg,Veuve Noire,Scarlett Johansson,actrice et chanteuse américaine,née le 22 novembre 1984
avenger3,image38.jpg,image1.jpg,Hulk,Mark Ruffalo,acteur producteur et réalisateur américain,né le 22 novembre 1967
avenger4,image32.jpg,image13.jpg,War Machine,Don Cheadle,acteur et producteur américain,né le 29 novembre 1964
avenger5,image30.jpg,image11.jpg,Captain America,Chris Evans,acteur américain,né le 13 juin 1981
avenger6,image29.jpg,image10.jpg,Bucky,Sebastian Stan,acteur roumano-américain,né le 13 août 1982
avenger7,image34.jpg,image15.jpg,Sorcière Rouge,Elizabeth Olsen,actrice américaine,née le 16 février 1989
avenger8,image19.jpg,image22.jpg,Thor,Christopher Hemsworth,acteur australien,né le 11 août 1983
avenger9,image43.jpg,image6.jpg,Vision,Paul Bettany,acteur britannique,né le 27 mai 1971
avenger10,image21.jpg,image20.jpg,Panthère Noire,Chadwick Boseman,acteur américain,né le 29 novembre 1977
avenger11,image35.jpg,image16.jpg,Faucon,Anthony Mackie,acteur américain,né le 23 septembre 1978
avenger12,image24.jpg,image28.jpg,Star Lord,Christopher Pratt,acteur américain,né le 21 juin 1979
avenger13,image33.jpg,image14.jpg,Drax le Destructeur,David Michael Bautista,acteur et catcheur américain,né le 18 janvier 1969
avenger14,image45.jpg,image8.jpg,Gamora,Zoe Saldana Perego,actrice et productrice américano-dominicaine,née le 19 juin 1978
avenger15,image44.jpg,image7.jpg,Wong,Benedict Wong,acteur britannique,né le 3 juin 1971
avenger16,image42.jpg,image5.jpg,Shuri,Letitia Michelle Wright,actrice britannique,née le 31 octobre 1993
avenger17,image37.jpg,image18.jpg,Mantis,Pom Klementieff,actrice française,née le 3 mai 1986
avenger18,image41.jpg,image4.jpg,Groot,Vin Diesel,acteur scénariste et producteur américain,né le 18 juillet 1967
avenger19,image39.jpg,image2.jpg,Nébula,Karen Gillan,actrice scénariste et productrice britannique,née le 28 novembre 1987
avenger20,image31.jpg,image12.jpg,Docteur Strange,Benedict Cumberbatch,acteur britannique,né le 9 juillet 1976
